0.0,RIGHT_HIP,-0.11841003596782684,-0.005001448094844818,-0.010167360305786133
0.0,RIGHT_KNEE,-0.16076557338237762,0.3899874985218048,-0.008560389280319214
0.0,RIGHT_HIP,-0.1184248998761177,-0.004797231871634722,-0.010024338029325008
0.0,RIGHT_KNEE,-0.15185050666332245,0.38960251212120056,-0.003815228817984462
33.36666666666667,RIGHT_HIP,-0.11842610687017441,-0.0046842521987855434,-0.009964036755263805
33.36666666666667,RIGHT_KNEE,-0.1471203863620758,0.3896040916442871,-0.002405175007879734
66.73333333333333,RIGHT_HIP,-0.11838389188051224,-0.004362300503998995,-0.009023563005030155
66.73333333333333,RIGHT_KNEE,-0.14525528252124786,0.3898746073246002,0.0016525326063856483
100.10000000000001,RIGHT_HIP,-0.11833687871694565,-0.0039635468274354935,-0.008107352070510387
100.10000000000001,RIGHT_KNEE,-0.14481806755065918,0.3903885781764984,0.0019007989903911948
133.46666666666667,RIGHT_HIP,-0.11831013858318329,-0.0037170357536524534,-0.0077597275376319885
133.46666666666667,RIGHT_KNEE,-0.14397971332073212,0.390399307012558,0.002126118866726756
166.83333333333334,RIGHT_HIP,-0.11825992912054062,-0.0034358834382146597,-0.007640833966434002
166.83333333333334,RIGHT_KNEE,-0.14426147937774658,0.3903711438179016,0.002011676086112857
200.20000000000002,RIGHT_HIP,-0.11822293698787689,-0.002947149332612753,-0.0075079333037137985
200.20000000000002,RIGHT_KNEE,-0.14450637996196747,0.39037245512008667,0.00281051779165864
233.56666666666666,RIGHT_HIP,-0.11818774789571762,-0.0026428555138409138,-0.007249041926115751
233.56666666666666,RIGHT_KNEE,-0.14459075033664703,0.3903600871562958,0.0027502060402184725
266.93333333333334,RIGHT_HIP,-0.11823087185621262,-0.0025394251570105553,-0.007048489060252905
266.93333333333334,RIGHT_KNEE,-0.14494258165359497,0.3902653455734253,-0.0011906365398317575
300.3,RIGHT_HIP,-0.11822580546140671,-0.0021955615375190973,-0.0071633365005254745
300.3,RIGHT_KNEE,-0.14799393713474274,0.390388548374176,-0.004645591601729393
333.6666666666667,RIGHT_HIP,-0.1182793602347374,-0.0019225489813834429,-0.0071619171649217606
333.6666666666667,RIGHT_KNEE,-0.1507895290851593,0.3903868794441223,-0.007476780563592911
367.03333333333336,RIGHT_HIP,-0.11825058609247208,-0.001210024580359459,-0.0071907080709934235
367.03333333333336,RIGHT_KNEE,-0.15195786952972412,0.38979294896125793,-0.0006682929233647883
400.40000000000003,RIGHT_HIP,-0.11822518706321716,-0.0005132483202032745,-0.007424528244882822
400.40000000000003,RIGHT_KNEE,-0.15331389009952545,0.3883645832538605,0.0005458359373733401
433.7666666666667,RIGHT_HIP,-0.11805378645658493,-0.00035477287019602954,-0.009354387409985065
433.7666666666667,RIGHT_KNEE,-0.15635351836681366,0.38363736867904663,-0.01749470829963684
467.1333333333333,RIGHT_HIP,-0.11775361001491547,-0.00013847873196937144,-0.010615005157887936
467.1333333333333,RIGHT_KNEE,-0.16810640692710876,0.37858399748802185,-0.03905092179775238
500.50000000000006,RIGHT_HIP,-0.11757446080446243,-8.872517355484888e-05,-0.011340958066284657
500.50000000000006,RIGHT_KNEE,-0.17964424192905426,0.37273138761520386,-0.05672209709882736
533.8666666666667,RIGHT_HIP,-0.11743142455816269,9.59959470492322e-06,-0.012989118695259094
533.8666666666667,RIGHT_KNEE,-0.19278481602668762,0.3546660244464874,-0.14027182757854462
567.2333333333333,RIGHT_HIP,-0.11738016456365585,9.552063602313865e-06,-0.014753196388483047
567.2333333333333,RIGHT_KNEE,-0.20556078851222992,0.33987200260162354,-0.17420823872089386
600.6,RIGHT_HIP,-0.11735519021749496,3.2881049264688045e-05,-0.015460236929357052
600.6,RIGHT_KNEE,-0.21569745242595673,0.3352285325527191,-0.18296383321285248
633.9666666666667,RIGHT_HIP,-0.11704692989587784,3.6914741940563545e-05,-0.0171576589345932
633.9666666666667,RIGHT_KNEE,-0.219875767827034,0.3283100724220276,-0.19679419696331024
667.3333333333334,RIGHT_HIP,-0.11701199412345886,6.742170080542564e-05,-0.017322149127721786
667.3333333333334,RIGHT_KNEE,-0.2266436219215393,0.32726138830184937,-0.2041667401790619
700.7,RIGHT_HIP,-0.11700943857431412,9.464660979574546e-05,-0.017259128391742706
700.7,RIGHT_KNEE,-0.2289963662624359,0.3276108205318451,-0.20442384481430054
734.0666666666667,RIGHT_HIP,-0.11640568822622299,-0.00013189137098379433,-0.016476908698678017
734.0666666666667,RIGHT_KNEE,-0.22689644992351532,0.31516343355178833,-0.20642635226249695
767.4333333333334,RIGHT_HIP,-0.11597765237092972,-0.00041324624908156693,-0.01587987318634987
767.4333333333334,RIGHT_KNEE,-0.22690258920192719,0.30551499128341675,-0.21022826433181763
800.8000000000001,RIGHT_HIP,-0.11571572721004486,-0.0007149422308430076,-0.015619014389812946
800.8000000000001,RIGHT_KNEE,-0.22560977935791016,0.29081058502197266,-0.22181272506713867
834.1666666666667,RIGHT_HIP,-0.1154303178191185,-0.0009885617764666677,-0.0149776516482234
834.1666666666667,RIGHT_KNEE,-0.22422845661640167,0.28617754578590393,-0.22686924040317535
867.5333333333334,RIGHT_HIP,-0.11487285792827606,-0.0013675173977389932,-0.014501404017210007
867.5333333333334,RIGHT_KNEE,-0.22114123404026031,0.2749411463737488,-0.23280881345272064
900.9000000000001,RIGHT_HIP,-0.11485443264245987,-0.0014281745534390211,-0.013801784254610538
900.9000000000001,RIGHT_KNEE,-0.22059670090675354,0.27391618490219116,-0.23161064088344574
934.2666666666667,RIGHT_HIP,-0.11444126069545746,-0.0019355625845491886,-0.013436493463814259
934.2666666666667,RIGHT_KNEE,-0.2139115184545517,0.25675368309020996,-0.2383859008550644
967.6333333333333,RIGHT_HIP,-0.11431421339511871,-0.002281608060002327,-0.013169026002287865
967.6333333333333,RIGHT_KNEE,-0.21262413263320923,0.2557167708873749,-0.23949752748012543
1001.0000000000001,RIGHT_HIP,-0.1142955794930458,-0.0025254052598029375,-0.012913945131003857
1001.0000000000001,RIGHT_KNEE,-0.21129672229290009,0.24496464431285858,-0.24821177124977112
1034.3666666666666,RIGHT_HIP,-0.11427772045135498,-0.0026229266077280045,-0.012611912563443184
1034.3666666666666,RIGHT_KNEE,-0.21044255793094635,0.2511513829231262,-0.24859613180160522
1067.7333333333333,RIGHT_HIP,-0.11422933638095856,-0.002600377891212702,-0.01246127299964428
1067.7333333333333,RIGHT_KNEE,-0.21041233837604523,0.25809216499328613,-0.24456895887851715
1101.1,RIGHT_HIP,-0.1141776368021965,-0.002599486615508795,-0.012439891695976257
1101.1,RIGHT_KNEE,-0.2082512229681015,0.26684489846229553,-0.2419646978378296
1134.4666666666667,RIGHT_HIP,-0.11419307440519333,-0.0023318182211369276,-0.012343338690698147
1134.4666666666667,RIGHT_KNEE,-0.20821991562843323,0.29708215594291687,-0.229973703622818
1167.8333333333333,RIGHT_HIP,-0.11405736207962036,-0.0021259032655507326,-0.012247985228896141
1167.8333333333333,RIGHT_KNEE,-0.2083851397037506,0.32071661949157715,-0.2043839395046234
1201.2,RIGHT_HIP,-0.1142338365316391,-0.0017115076771005988,-0.011966287158429623
1201.2,RIGHT_KNEE,-0.20884296298027039,0.3372950255870819,-0.18200914561748505
1234.5666666666668,RIGHT_HIP,-0.11432722955942154,-0.0013124922988936305,-0.011348219588398933
1234.5666666666668,RIGHT_KNEE,-0.2075742781162262,0.3438967764377594,-0.16843359172344208
1267.9333333333334,RIGHT_HIP,-0.11445722728967667,-0.0007043920340947807,-0.011135734617710114
1267.9333333333334,RIGHT_KNEE,-0.19818411767482758,0.3573783040046692,-0.13754695653915405
1301.3000000000002,RIGHT_HIP,-0.11451809853315353,-0.0005023087724111974,-0.010839377529919147
1301.3000000000002,RIGHT_KNEE,-0.19825485348701477,0.3604080379009247,-0.11363787949085236
1334.6666666666667,RIGHT_HIP,-0.11473707109689713,0.00010520351497689262,-0.01076446007937193
1334.6666666666667,RIGHT_KNEE,-0.19513800740242004,0.36973094940185547,-0.0654287114739418
1368.0333333333335,RIGHT_HIP,-0.11515849083662033,0.0004362639447208494,-0.01067896094173193
1368.0333333333335,RIGHT_KNEE,-0.19239051640033722,0.37605148553848267,-0.03997628763318062
1401.4,RIGHT_HIP,-0.11522644013166428,0.0005260464386083186,-0.010647355578839779
1401.4,RIGHT_KNEE,-0.18778295814990997,0.3781365752220154,-0.027309177443385124
1434.7666666666667,RIGHT_HIP,-0.11564861983060837,0.0006900118314661086,-0.009568748064339161
1434.7666666666667,RIGHT_KNEE,-0.1849474012851715,0.38155829906463623,-0.01245929580181837
1468.1333333333334,RIGHT_HIP,-0.11659296602010727,0.0006130386609584093,-0.00904173031449318
1468.1333333333334,RIGHT_KNEE,-0.1825341135263443,0.38523069024086,-0.008432622067630291
1501.5,RIGHT_HIP,-0.11682084202766418,0.0004057020996697247,-0.008776037022471428
1501.5,RIGHT_KNEE,-0.17835204303264618,0.38680407404899597,-0.012519963085651398
1534.8666666666668,RIGHT_HIP,-0.11693989485502243,0.00013486167881637812,-0.008600243367254734
1534.8666666666668,RIGHT_KNEE,-0.16849027574062347,0.38644686341285706,-0.008759884163737297
1568.2333333333333,RIGHT_HIP,-0.11720582842826843,-8.095041266642511e-05,-0.008380139246582985
1568.2333333333333,RIGHT_KNEE,-0.16023339331150055,0.38580188155174255,-0.00588596798479557
1601.6000000000001,RIGHT_HIP,-0.11721829324960709,-0.0002582378510851413,-0.008356545120477676
1601.6000000000001,RIGHT_KNEE,-0.15597380697727203,0.3865402638912201,-0.006076838355511427
1634.9666666666667,RIGHT_HIP,-0.11722157895565033,-0.00043732344056479633,-0.00830000452697277
1634.9666666666667,RIGHT_KNEE,-0.15367580950260162,0.3870474696159363,-0.005109056830406189
1668.3333333333335,RIGHT_HIP,-0.11724947392940521,-0.000608370581176132,-0.008126845583319664
1668.3333333333335,RIGHT_KNEE,-0.15122836828231812,0.3872910141944885,-0.002285886788740754
1701.7,RIGHT_HIP,-0.11725492030382156,-0.0010598300723358989,-0.008369690738618374
1701.7,RIGHT_KNEE,-0.14926524460315704,0.3872986435890198,-0.005146533716470003
1735.0666666666668,RIGHT_HIP,-0.11725631356239319,-0.0014219562290236354,-0.008630385622382164
1735.0666666666668,RIGHT_KNEE,-0.1487601101398468,0.3870141804218292,-0.005519398953765631
1768.4333333333336,RIGHT_HIP,-0.11728119850158691,-0.0017667650245130062,-0.008617681451141834
1768.4333333333336,RIGHT_KNEE,-0.1497436761856079,0.3873472213745117,-0.0037677648942917585
1801.8000000000002,RIGHT_HIP,-0.11728586256504059,-0.0020383403170853853,-0.008688043802976608
1801.8000000000002,RIGHT_KNEE,-0.1483634114265442,0.3877275288105011,-0.0036341692321002483
1835.1666666666667,RIGHT_HIP,-0.11722774058580399,-0.0022557780612260103,-0.008835968561470509
1835.1666666666667,RIGHT_KNEE,-0.14861303567886353,0.3884150981903076,-0.0034332689829170704
1868.5333333333333,RIGHT_HIP,-0.11718203127384186,-0.002442935947328806,-0.008901500143110752
1868.5333333333333,RIGHT_KNEE,-0.14896364510059357,0.38860154151916504,-0.0030710333958268166
1901.9,RIGHT_HIP,-0.11716904491186142,-0.002534093102440238,-0.009006551466882229
1901.9,RIGHT_KNEE,-0.14919866621494293,0.3887985050678253,-0.0034912503324449062
1935.2666666666667,RIGHT_HIP,-0.11713819205760956,-0.0026292901020497084,-0.009218189865350723
1935.2666666666667,RIGHT_KNEE,-0.1494971662759781,0.3890385925769806,-0.004035569727420807
1968.6333333333334,RIGHT_HIP,-0.11713970452547073,-0.002694830298423767,-0.008780080825090408
1968.6333333333334,RIGHT_KNEE,-0.1492537558078766,0.3893447518348694,-0.004221793729811907
2002.0000000000002,RIGHT_HIP,-0.11712392419576645,-0.002729912055656314,-0.008780453354120255
2002.0000000000002,RIGHT_KNEE,-0.14878414571285248,0.3895067274570465,-0.004507286008447409
2035.3666666666666,RIGHT_HIP,-0.11711658537387848,-0.0027541560120880604,-0.008828303776681423
2035.3666666666666,RIGHT_KNEE,-0.14963114261627197,0.38976407051086426,-0.004701824393123388
2068.733333333333,RIGHT_HIP,-0.11704539507627487,-0.0027751147281378508,-0.009290304966270924
2068.733333333333,RIGHT_KNEE,-0.15133227407932281,0.38973987102508545,-0.004482355900108814
2102.1,RIGHT_HIP,-0.11700478196144104,-0.0027777329087257385,-0.009422075934708118
2102.1,RIGHT_KNEE,-0.15316936373710632,0.38995957374572754,-0.004250400699675083
2135.4666666666667,RIGHT_HIP,-0.11705000698566437,-0.0025695625226944685,-0.009098748676478863
2135.4666666666667,RIGHT_KNEE,-0.1557292342185974,0.3903053402900696,-0.0027322678361088037
2168.8333333333335,RIGHT_HIP,-0.1171129122376442,-0.002498842542991042,-0.009059950709342957
2168.8333333333335,RIGHT_KNEE,-0.15565475821495056,0.3902466297149658,-0.00025051526608876884
2202.2,RIGHT_HIP,-0.1172230914235115,-0.0023593255318701267,-0.009037112817168236
2202.2,RIGHT_KNEE,-0.15570302307605743,0.3903295695781708,0.0010372113902121782
2235.5666666666666,RIGHT_HIP,-0.11751861125230789,-0.0020054716151207685,-0.00859484076499939
2235.5666666666666,RIGHT_KNEE,-0.16006457805633545,0.39043566584587097,0.001279856893233955
2268.9333333333334,RIGHT_HIP,-0.11767226457595825,-0.0017858176724985242,-0.007057713810354471
2268.9333333333334,RIGHT_KNEE,-0.1617256999015808,0.38990291953086853,0.003995346371084452
2302.3,RIGHT_HIP,-0.11773865669965744,-0.0015563656343147159,-0.006902563851326704
2302.3,RIGHT_KNEE,-0.16473644971847534,0.3886726498603821,0.0021629943512380123
2335.6666666666665,RIGHT_HIP,-0.11773409694433212,-0.0009284840198233724,-0.005817717406898737
2335.6666666666665,RIGHT_KNEE,-0.1690680980682373,0.38719233870506287,0.0027980166487395763
2369.0333333333333,RIGHT_HIP,-0.11772502958774567,-0.0004795365675818175,-0.006020471919327974
2369.0333333333333,RIGHT_KNEE,-0.17343217134475708,0.3824995458126068,-0.008357463404536247
2402.4,RIGHT_HIP,-0.11771001666784286,-8.460778917651623e-05,-0.007190841715782881
2402.4,RIGHT_KNEE,-0.17649492621421814,0.37737464904785156,-0.03280257433652878
2435.766666666667,RIGHT_HIP,-0.11771774291992188,0.0003877905255649239,-0.007579116616398096
2435.766666666667,RIGHT_KNEE,-0.187363862991333,0.37248578667640686,-0.04442929849028587
2469.1333333333337,RIGHT_HIP,-0.11773943901062012,0.0007720732828602195,-0.00813275296241045
2469.1333333333337,RIGHT_KNEE,-0.19512812793254852,0.36605340242385864,-0.07292113453149796
2502.5,RIGHT_HIP,-0.11761879175901413,0.0009199522901326418,-0.009229275397956371
2502.5,RIGHT_KNEE,-0.2059727907180786,0.3527856767177582,-0.1345408409833908
2535.866666666667,RIGHT_HIP,-0.11737477779388428,0.0010137123754248023,-0.010633579455316067
2535.866666666667,RIGHT_KNEE,-0.20728373527526855,0.34583547711372375,-0.1595059037208557
2569.2333333333336,RIGHT_HIP,-0.11726443469524384,0.0010297712869942188,-0.011076339520514011
2569.2333333333336,RIGHT_KNEE,-0.21044424176216125,0.34053948521614075,-0.1829073429107666
2602.6000000000004,RIGHT_HIP,-0.11723018437623978,0.0010252156062051654,-0.011009620502591133
2602.6000000000004,RIGHT_KNEE,-0.215783953666687,0.3316115736961365,-0.19672918319702148
2635.966666666667,RIGHT_HIP,-0.11702893674373627,0.0008402519742958248,-0.010964472778141499
2635.966666666667,RIGHT_KNEE,-0.21976684033870697,0.32094618678092957,-0.20622454583644867
2669.3333333333335,RIGHT_HIP,-0.11702372878789902,0.0006379713304340839,-0.010771640576422215
2669.3333333333335,RIGHT_KNEE,-0.22770807147026062,0.3141894042491913,-0.21358685195446014
2702.7000000000003,RIGHT_HIP,-0.11686015874147415,0.0002781840448733419,-0.010622314177453518
2702.7000000000003,RIGHT_KNEE,-0.22754371166229248,0.3059518337249756,-0.22217166423797607
2736.066666666667,RIGHT_HIP,-0.11619708687067032,-0.0002787612029351294,-0.011014069430530071
2736.066666666667,RIGHT_KNEE,-0.2262236624956131,0.2846384644508362,-0.2453707754611969
2769.433333333334,RIGHT_HIP,-0.11521360278129578,-0.0008813540916889906,-0.01123405247926712
2769.433333333334,RIGHT_KNEE,-0.22327472269535065,0.2785584330558777,-0.2437916100025177
2802.8,RIGHT_HIP,-0.11439445614814758,-0.001146776252426207,-0.01188995037227869
2802.8,RIGHT_KNEE,-0.21537654101848602,0.26850444078445435,-0.24829059839248657
2836.1666666666665,RIGHT_HIP,-0.11385412514209747,-0.0015148407546803355,-0.012149116024374962
2836.1666666666665,RIGHT_KNEE,-0.20933757722377777,0.26264435052871704,-0.24654988944530487
2869.5333333333333,RIGHT_HIP,-0.11347103863954544,-0.002097794786095619,-0.012183619663119316
2869.5333333333333,RIGHT_KNEE,-0.2060011774301529,0.2616457939147949,-0.24400389194488525
2902.9,RIGHT_HIP,-0.11345727741718292,-0.0022559042554348707,-0.011998415924608707
2902.9,RIGHT_KNEE,-0.20166337490081787,0.2548682391643524,-0.2488016039133072
2936.266666666667,RIGHT_HIP,-0.11363789439201355,-0.0022572390735149384,-0.011500188149511814
2936.266666666667,RIGHT_KNEE,-0.201414093375206,0.25147396326065063,-0.2549231946468353
2969.633333333333,RIGHT_HIP,-0.11362827569246292,-0.002271723933517933,-0.0113370968028903
2969.633333333333,RIGHT_KNEE,-0.20452621579170227,0.25619828701019287,-0.25292301177978516
3003.0,RIGHT_HIP,-0.11366067826747894,-0.0022466061636805534,-0.011314323171973228
3003.0,RIGHT_KNEE,-0.204574316740036,0.2593943476676941,-0.25211066007614136
3036.366666666667,RIGHT_HIP,-0.11375731974840164,-0.002237863140180707,-0.011226859875023365
3036.366666666667,RIGHT_KNEE,-0.20457355678081512,0.2708573043346405,-0.24975824356079102
3069.7333333333336,RIGHT_HIP,-0.11379989981651306,-0.0022251680493354797,-0.011219233274459839
3069.7333333333336,RIGHT_KNEE,-0.20438902080059052,0.27702993154525757,-0.24888275563716888
3103.1,RIGHT_HIP,-0.1138170063495636,-0.0019111073343083262,-0.011205841787159443
3103.1,RIGHT_KNEE,-0.20556259155273438,0.3055155575275421,-0.21625229716300964
3136.4666666666667,RIGHT_HIP,-0.1137901097536087,-0.0018408357864245772,-0.01109918300062418
3136.4666666666667,RIGHT_KNEE,-0.20745372772216797,0.31836938858032227,-0.19679805636405945
3169.8333333333335,RIGHT_HIP,-0.11379535496234894,-0.001241409801878035,-0.010632780380547047
3169.8333333333335,RIGHT_KNEE,-0.20710109174251556,0.3360098600387573,-0.1710919588804245
3203.2000000000003,RIGHT_HIP,-0.11392534524202347,-0.0006897792918607593,-0.010389209724962711
3203.2000000000003,RIGHT_KNEE,-0.1984976977109909,0.3510356545448303,-0.14683909714221954
3236.566666666667,RIGHT_HIP,-0.11411511152982712,-0.000339030142640695,-0.01019919291138649
3236.566666666667,RIGHT_KNEE,-0.18999069929122925,0.36598214507102966,-0.09897751361131668
3269.9333333333334,RIGHT_HIP,-0.11434201151132584,-0.00012618512846529484,-0.010201861150562763
3269.9333333333334,RIGHT_KNEE,-0.1839548796415329,0.3686082363128662,-0.07434382289648056
3303.3,RIGHT_HIP,-0.11451195180416107,0.00014458676741924137,-0.01019243709743023
3303.3,RIGHT_KNEE,-0.18110066652297974,0.373141348361969,-0.052228473126888275
3336.666666666667,RIGHT_HIP,-0.11498305946588516,0.0004208126338198781,-0.010045967064797878
3336.666666666667,RIGHT_KNEE,-0.1772727221250534,0.37975063920021057,-0.022532077506184578
3370.0333333333338,RIGHT_HIP,-0.11532855033874512,0.0004802860494237393,-0.009780592285096645
3370.0333333333338,RIGHT_KNEE,-0.1723640114068985,0.38515859842300415,-0.002299418905749917
3403.4,RIGHT_HIP,-0.11605721712112427,0.0003960113681387156,-0.008884532377123833
3403.4,RIGHT_KNEE,-0.17104841768741608,0.38581085205078125,-0.004334934055805206
3436.766666666667,RIGHT_HIP,-0.11648914963006973,0.00016508698172401637,-0.008688910864293575
3436.766666666667,RIGHT_KNEE,-0.16982102394104004,0.3866707682609558,-0.004712420981377363
3470.1333333333337,RIGHT_HIP,-0.1168283075094223,3.595314410631545e-05,-0.008531242609024048
3470.1333333333337,RIGHT_KNEE,-0.16667525470256805,0.38756096363067627,-0.003989849239587784
3503.5000000000005,RIGHT_HIP,-0.11684313416481018,-0.0003446446207817644,-0.008526071906089783
3503.5000000000005,RIGHT_KNEE,-0.16085024178028107,0.38806772232055664,-0.008056087419390678
3536.8666666666672,RIGHT_HIP,-0.11686351895332336,-0.0007385147619061172,-0.008224713616073132
3536.8666666666672,RIGHT_KNEE,-0.15389934182167053,0.38805800676345825,-0.005208141170442104
3570.2333333333336,RIGHT_HIP,-0.1168917566537857,-0.0010886630043387413,-0.008020599372684956
3570.2333333333336,RIGHT_KNEE,-0.1500782072544098,0.38703110814094543,-0.005259012803435326
3603.6000000000004,RIGHT_HIP,-0.11690407246351242,-0.0016510692657902837,-0.008059116080403328
3603.6000000000004,RIGHT_KNEE,-0.1475612223148346,0.38804513216018677,-0.008440263569355011
3636.9666666666667,RIGHT_HIP,-0.11691451072692871,-0.0018582585034891963,-0.00806482508778572
3636.9666666666667,RIGHT_KNEE,-0.14543339610099792,0.3884328007698059,-0.006508937105536461
3670.3333333333335,RIGHT_HIP,-0.11691007763147354,-0.0021191176492720842,-0.008464212529361248
3670.3333333333335,RIGHT_KNEE,-0.14678935706615448,0.38850459456443787,-0.007374062202870846
3703.7,RIGHT_HIP,-0.116887167096138,-0.0025744230952113867,-0.008812719024717808
3703.7,RIGHT_KNEE,-0.14619329571723938,0.3882574439048767,-0.008456817828118801
3737.0666666666666,RIGHT_HIP,-0.11689378321170807,-0.0028240736573934555,-0.008744741789996624
3737.0666666666666,RIGHT_KNEE,-0.14678072929382324,0.38807815313339233,-0.007751281838864088
3770.4333333333334,RIGHT_HIP,-0.11691071093082428,-0.002980052726343274,-0.008837257511913776
3770.4333333333334,RIGHT_KNEE,-0.14609017968177795,0.38817161321640015,-0.00765528017655015
3803.8,RIGHT_HIP,-0.11692146956920624,-0.0031004620250314474,-0.008931600488722324
3803.8,RIGHT_KNEE,-0.14631733298301697,0.38817423582077026,-0.006571973208338022
3837.166666666667,RIGHT_HIP,-0.11692739278078079,-0.00316611141897738,-0.009328394196927547
3837.166666666667,RIGHT_KNEE,-0.14661100506782532,0.38813790678977966,-0.007191680837422609
3870.5333333333333,RIGHT_HIP,-0.11685275286436081,-0.003248448483645916,-0.01022273674607277
3870.5333333333333,RIGHT_KNEE,-0.14686356484889984,0.3880766034126282,-0.00753864087164402
3903.9,RIGHT_HIP,-0.11682995408773422,-0.0033381241373717785,-0.010309840552508831
3903.9,RIGHT_KNEE,-0.14836588501930237,0.38800665736198425,-0.006256201770156622
3937.266666666667,RIGHT_HIP,-0.11686262488365173,-0.0033595070708543062,-0.009652653709053993
3937.266666666667,RIGHT_KNEE,-0.14948035776615143,0.3879452645778656,-0.001013194676488638
3970.6333333333337,RIGHT_HIP,-0.11686746776103973,-0.003379238536581397,-0.00964280590415001
3970.6333333333337,RIGHT_KNEE,-0.1513879895210266,0.3875662386417389,-2.1371643015299924e-06
4004.0000000000005,RIGHT_HIP,-0.11685924232006073,-0.003395568346604705,-0.009846514090895653
4004.0000000000005,RIGHT_KNEE,-0.15162430703639984,0.38751134276390076,-0.00023215061810333282
4037.3666666666672,RIGHT_HIP,-0.11685509979724884,-0.0032250757794827223,-0.009400676004588604
4037.3666666666672,RIGHT_KNEE,-0.15113826096057892,0.38844576478004456,4.376207925815834e-06
4070.733333333333,RIGHT_HIP,-0.116862952709198,-0.0031556403264403343,-0.009445766918361187
4070.733333333333,RIGHT_KNEE,-0.1512916535139084,0.38870522379875183,-0.0003302177938167006
4104.099999999999,RIGHT_HIP,-0.11691714823246002,-0.0029595422092825174,-0.008871701546013355
4104.099999999999,RIGHT_KNEE,-0.15616203844547272,0.3886752128601074,0.003458806313574314
4137.466666666666,RIGHT_HIP,-0.1172015368938446,-0.0024364772252738476,-0.008650824427604675
4137.466666666666,RIGHT_KNEE,-0.15746723115444183,0.38907161355018616,0.004150726832449436
4170.833333333333,RIGHT_HIP,-0.11763925850391388,-0.0017464675474911928,-0.007609361782670021
4170.833333333333,RIGHT_KNEE,-0.16340982913970947,0.38901153206825256,0.0038741272874176502
4204.2,RIGHT_HIP,-0.11775105446577072,-0.0016258941031992435,-0.0067719025537371635
4204.2,RIGHT_KNEE,-0.16538569331169128,0.3886758089065552,0.003720767330378294
4237.566666666667,RIGHT_HIP,-0.117756187915802,-0.0012748921290040016,-0.006158682983368635
4237.566666666667,RIGHT_KNEE,-0.16743576526641846,0.38820508122444153,0.008319351822137833
4270.933333333333,RIGHT_HIP,-0.11769676953554153,-0.0009047528146766126,-0.006293242797255516
4270.933333333333,RIGHT_KNEE,-0.17050331830978394,0.38508883118629456,0.008367887698113918
4304.3,RIGHT_HIP,-0.117660291492939,-0.00036040772101841867,-0.006756403483450413
4304.3,RIGHT_KNEE,-0.17571689188480377,0.37953656911849976,-0.01566806063055992
4337.666666666667,RIGHT_HIP,-0.11766776442527771,-6.41063743387349e-05,-0.007588010281324387
4337.666666666667,RIGHT_KNEE,-0.18029309809207916,0.3733058571815491,-0.054448846727609634
4371.033333333333,RIGHT_HIP,-0.11767787486314774,0.00024191731063183397,-0.00826293881982565
4371.033333333333,RIGHT_KNEE,-0.193086177110672,0.3652573823928833,-0.07177673280239105
4404.4,RIGHT_HIP,-0.11758708208799362,0.0003026045742444694,-0.008635572157800198
4404.4,RIGHT_KNEE,-0.20696252584457397,0.3510572612285614,-0.13085229694843292
4437.766666666666,RIGHT_HIP,-0.11759143322706223,0.0005258343298919499,-0.009276804514229298
4437.766666666666,RIGHT_KNEE,-0.21783332526683807,0.34030890464782715,-0.1620948612689972
4471.133333333333,RIGHT_HIP,-0.11759218573570251,0.0006440767319872975,-0.00975512620061636
4471.133333333333,RIGHT_KNEE,-0.21996550261974335,0.3317519426345825,-0.18094253540039062
4504.5,RIGHT_HIP,-0.11759796738624573,0.0006715934723615646,-0.009755847975611687
4504.5,RIGHT_KNEE,-0.22644735872745514,0.324305921792984,-0.19599607586860657
4537.866666666667,RIGHT_HIP,-0.11734235286712646,0.0005965691525489092,-0.009798667393624783
4537.866666666667,RIGHT_KNEE,-0.22697295248508453,0.3138902187347412,-0.21202024817466736
4571.233333333334,RIGHT_HIP,-0.11729344725608826,0.0005254756542854011,-0.00989209208637476
4571.233333333334,RIGHT_KNEE,-0.23108014464378357,0.30381518602371216,-0.22477790713310242
4604.6,RIGHT_HIP,-0.11727020144462585,0.000398746517021209,-0.009900882840156555
4604.6,RIGHT_KNEE,-0.23127073049545288,0.29702723026275635,-0.23332281410694122
4637.966666666667,RIGHT_HIP,-0.11704708635807037,0.00010958495840895921,-0.010505929589271545
4637.966666666667,RIGHT_KNEE,-0.22972263395786285,0.2767787277698517,-0.24869821965694427
4671.333333333333,RIGHT_HIP,-0.11675067991018295,-0.00015858322149142623,-0.010730386711657047
4671.333333333333,RIGHT_KNEE,-0.2273077815771103,0.2723390758037567,-0.24587784707546234
4704.7,RIGHT_HIP,-0.11535143852233887,-0.001219131168909371,-0.011895864270627499
4704.7,RIGHT_KNEE,-0.21060606837272644,0.25865817070007324,-0.2510799169540405
4738.066666666667,RIGHT_HIP,-0.11519504338502884,-0.0015914482064545155,-0.011916060000658035
4738.066666666667,RIGHT_KNEE,-0.20567205548286438,0.2587064206600189,-0.24803026020526886
4771.433333333333,RIGHT_HIP,-0.11517580598592758,-0.0016970487777143717,-0.01188751868903637
4771.433333333333,RIGHT_KNEE,-0.20525941252708435,0.2600562274456024,-0.24587863683700562
4804.8,RIGHT_HIP,-0.11518671363592148,-0.001845474704168737,-0.011819515377283096
4804.8,RIGHT_KNEE,-0.20405666530132294,0.2563592791557312,-0.252372145652771
4838.166666666667,RIGHT_HIP,-0.11522852629423141,-0.0019053665455430746,-0.011730105616152287
4838.166666666667,RIGHT_KNEE,-0.2055247277021408,0.2577705979347229,-0.2495819330215454
4871.533333333334,RIGHT_HIP,-0.11523298174142838,-0.002060745609924197,-0.011712932959198952
4871.533333333334,RIGHT_KNEE,-0.2060644030570984,0.25616100430488586,-0.2510957717895508
4904.900000000001,RIGHT_HIP,-0.11521424353122711,-0.002272313693538308,-0.011723741888999939
4904.900000000001,RIGHT_KNEE,-0.20514661073684692,0.25044697523117065,-0.25700074434280396
4938.266666666667,RIGHT_HIP,-0.11521770060062408,-0.0021676374599337578,-0.011690445244312286
4938.266666666667,RIGHT_KNEE,-0.20729175209999084,0.26256778836250305,-0.24821482598781586
4971.633333333334,RIGHT_HIP,-0.11521907150745392,-0.002094842027872801,-0.01166924461722374
4971.633333333334,RIGHT_KNEE,-0.208505779504776,0.2753012180328369,-0.24010151624679565
5005.0,RIGHT_HIP,-0.11524912714958191,-0.001803783467039466,-0.011646960861980915
5005.0,RIGHT_KNEE,-0.21106843650341034,0.291904479265213,-0.21903692185878754
5038.366666666667,RIGHT_HIP,-0.11527800559997559,-0.0012896852567791939,-0.011737937107682228
5038.366666666667,RIGHT_KNEE,-0.21458128094673157,0.30822598934173584,-0.208768829703331
5071.733333333334,RIGHT_HIP,-0.1153632178902626,-0.0009554933058097959,-0.011488320305943489
5071.733333333334,RIGHT_KNEE,-0.2214924395084381,0.32421448826789856,-0.1929018646478653
5105.1,RIGHT_HIP,-0.11538361012935638,-0.0006495053530670702,-0.0113458763808012
5105.1,RIGHT_KNEE,-0.2211642861366272,0.34073323011398315,-0.1650795042514801
5138.466666666667,RIGHT_HIP,-0.11557865142822266,-0.0005156148690730333,-0.011196701787412167
5138.466666666667,RIGHT_KNEE,-0.2149733304977417,0.35170745849609375,-0.1390141397714615
5171.833333333334,RIGHT_HIP,-0.1158430352807045,-6.919717998243868e-05,-0.011082446202635765
5171.833333333334,RIGHT_KNEE,-0.21349067986011505,0.36115971207618713,-0.10753405839204788
5205.200000000001,RIGHT_HIP,-0.11591015011072159,0.00023306882940232754,-0.011531999334692955
5205.200000000001,RIGHT_KNEE,-0.19242596626281738,0.3742518424987793,-0.0711149051785469
5238.5666666666675,RIGHT_HIP,-0.1161244735121727,0.0003893558168783784,-0.01170103345066309
5238.5666666666675,RIGHT_KNEE,-0.18234582245349884,0.3823494017124176,-0.03890346735715866
5271.933333333334,RIGHT_HIP,-0.11621997505426407,0.00040730455657467246,-0.011822875589132309
5271.933333333334,RIGHT_KNEE,-0.17692936956882477,0.38677719235420227,-0.025101352483034134
5305.3,RIGHT_HIP,-0.11665582656860352,0.0003960315079893917,-0.011678634211421013
5305.3,RIGHT_KNEE,-0.16991591453552246,0.3871186673641205,-0.021123867481946945
5338.666666666667,RIGHT_HIP,-0.11687444150447845,0.0003845173632726073,-0.011654877103865147
5338.666666666667,RIGHT_KNEE,-0.1702873557806015,0.3895605802536011,-0.013458732515573502
5372.033333333334,RIGHT_HIP,-0.11715173721313477,0.00034697973751462996,-0.011075671762228012
5372.033333333334,RIGHT_KNEE,-0.16738620400428772,0.3906814157962799,-0.010586166754364967
5405.400000000001,RIGHT_HIP,-0.1172260195016861,0.0002913759381044656,-0.011024350300431252
5405.400000000001,RIGHT_KNEE,-0.16572721302509308,0.3917336165904999,-0.011796874925494194
5438.766666666667,RIGHT_HIP,-0.11724775284528732,9.58332238951698e-05,-0.01009879820048809
5438.766666666667,RIGHT_KNEE,-0.1608838140964508,0.39047130942344666,-0.010720479302108288
5472.133333333334,RIGHT_HIP,-0.11729829013347626,-0.0001714781828923151,-0.009307228028774261
5472.133333333334,RIGHT_KNEE,-0.1602221429347992,0.38894304633140564,-0.008423336781561375
5505.500000000001,RIGHT_HIP,-0.11730193346738815,-0.0003823689476121217,-0.008818871341645718
5505.500000000001,RIGHT_KNEE,-0.1567213386297226,0.3883870542049408,-0.007048748433589935
5538.866666666668,RIGHT_HIP,-0.11726334691047668,-0.0005500706611201167,-0.008662264794111252
5538.866666666668,RIGHT_KNEE,-0.1530800461769104,0.38868242502212524,-0.005918893963098526
5572.2333333333345,RIGHT_HIP,-0.1172746941447258,-0.0009755484643392265,-0.008588393218815327
5572.2333333333345,RIGHT_KNEE,-0.15050700306892395,0.3882471024990082,-0.007620287127792835
5605.6,RIGHT_HIP,-0.11724340170621872,-0.0011740935733541846,-0.008777501992881298
5605.6,RIGHT_KNEE,-0.1500406712293625,0.38837504386901855,-0.008483772166073322
5638.966666666666,RIGHT_HIP,-0.11724499613046646,-0.00142373435664922,-0.008763748221099377
5638.966666666666,RIGHT_KNEE,-0.14857006072998047,0.3881637752056122,-0.006927925627678633
5672.333333333333,RIGHT_HIP,-0.11723114550113678,-0.001602413016371429,-0.008737684227526188
5672.333333333333,RIGHT_KNEE,-0.14603668451309204,0.388965904712677,-0.005070795770734549
5705.7,RIGHT_HIP,-0.1172337606549263,-0.0016982803354039788,-0.00868565496057272
5705.7,RIGHT_KNEE,-0.1453748196363449,0.3894463777542114,-0.00296258507296443
5739.066666666667,RIGHT_HIP,-0.11723536998033524,-0.0017737261950969696,-0.008654840290546417
5739.066666666667,RIGHT_KNEE,-0.14572763442993164,0.3901521563529968,0.0006390829221345484
5772.433333333333,RIGHT_HIP,-0.11721350997686386,-0.0019476147135719657,-0.008658045902848244
5772.433333333333,RIGHT_KNEE,-0.14618931710720062,0.3900560736656189,0.0008780159987509251
5805.8,RIGHT_HIP,-0.11709582805633545,-0.0021803705021739006,-0.008780836127698421
5805.8,RIGHT_KNEE,-0.14631076157093048,0.38999366760253906,-0.00015626067761331797
5839.166666666667,RIGHT_HIP,-0.11707194149494171,-0.0022940621711313725,-0.009067019447684288
5839.166666666667,RIGHT_KNEE,-0.14663086831569672,0.38971564173698425,-0.00022148594143800437
5872.533333333334,RIGHT_HIP,-0.11705375462770462,-0.00235555088147521,-0.009452611207962036
5872.533333333334,RIGHT_KNEE,-0.14656049013137817,0.38963252305984497,-0.0006733029731549323
5905.9,RIGHT_HIP,-0.1170569434762001,-0.002346749883145094,-0.009265268221497536
5905.9,RIGHT_KNEE,-0.14672745764255524,0.38980260491371155,-0.0009770005708560348
5939.266666666666,RIGHT_HIP,-0.11706974357366562,-0.0023010203149169683,-0.009279967285692692
5939.266666666666,RIGHT_KNEE,-0.1475256383419037,0.38974469900131226,-0.0009298534714616835
5972.633333333333,RIGHT_HIP,-0.1171446442604065,-0.002199919428676367,-0.009063013829290867
5972.633333333333,RIGHT_KNEE,-0.14960649609565735,0.38993340730667114,-0.0008227588259615004
6006.0,RIGHT_HIP,-0.11729957163333893,-0.001979929395020008,-0.00897933915257454
6006.0,RIGHT_KNEE,-0.15368930995464325,0.3907455801963806,-0.0008588260388933122
6039.366666666667,RIGHT_HIP,-0.11756168305873871,-0.0015044891042634845,-0.008832432329654694
6039.366666666667,RIGHT_KNEE,-0.1610729992389679,0.390363872051239,-0.0010805160272866488
6072.733333333334,RIGHT_HIP,-0.11768101900815964,-0.0010513138258829713,-0.008196445181965828
6072.733333333334,RIGHT_KNEE,-0.168718621134758,0.3895723223686218,-0.0008945653680711985
6106.1,RIGHT_HIP,-0.11769010126590729,-0.0008216576534323394,-0.007520115468651056
6106.1,RIGHT_KNEE,-0.16820263862609863,0.389544278383255,0.004753924906253815
6139.466666666667,RIGHT_HIP,-0.117608942091465,-0.00022060149058233947,-0.007530110888183117
6139.466666666667,RIGHT_KNEE,-0.16767694056034088,0.3889562487602234,0.008136549964547157
6172.833333333334,RIGHT_HIP,-0.11745776236057281,0.0002057319215964526,-0.00820342730730772
6172.833333333334,RIGHT_KNEE,-0.1690463125705719,0.3855849802494049,0.0010092593729496002
6206.2,RIGHT_HIP,-0.11745644360780716,0.0006524398922920227,-0.008926655165851116
6206.2,RIGHT_KNEE,-0.17092172801494598,0.3799315392971039,-0.028321342542767525
6239.566666666667,RIGHT_HIP,-0.11746387928724289,0.0008300630724988878,-0.009575966745615005
6239.566666666667,RIGHT_KNEE,-0.17575302720069885,0.37649208307266235,-0.0392356812953949
6272.933333333333,RIGHT_HIP,-0.1174175962805748,0.0009442169102840126,-0.010067406110465527
6272.933333333333,RIGHT_KNEE,-0.18098299205303192,0.372967004776001,-0.0639444962143898
6306.3,RIGHT_HIP,-0.11733300983905792,0.0011341541539877653,-0.010624098591506481
6306.3,RIGHT_KNEE,-0.18824830651283264,0.36629077792167664,-0.09683467447757721
6339.666666666667,RIGHT_HIP,-0.11725475639104843,0.0011700533796101809,-0.011484549380838871
6339.666666666667,RIGHT_KNEE,-0.1967974603176117,0.3509511351585388,-0.15706481039524078
6373.033333333334,RIGHT_HIP,-0.11724535375833511,0.001180558931082487,-0.011954735964536667
6373.033333333334,RIGHT_KNEE,-0.20255225896835327,0.3454686403274536,-0.17268766462802887
6406.400000000001,RIGHT_HIP,-0.11725258827209473,0.001157981576398015,-0.01223843451589346
6406.400000000001,RIGHT_KNEE,-0.20970508456230164,0.333997905254364,-0.19784338772296906
6439.766666666667,RIGHT_HIP,-0.11696469783782959,0.0009005542378872633,-0.012835865840315819
6439.766666666667,RIGHT_KNEE,-0.2088107317686081,0.3234693109989166,-0.21084733307361603
6473.133333333334,RIGHT_HIP,-0.11695285141468048,0.0008006658172234893,-0.0122483279556036
6473.133333333334,RIGHT_KNEE,-0.21443204581737518,0.3169538080692291,-0.2135305106639862
6506.5,RIGHT_HIP,-0.11690424382686615,0.0005904774297960103,-0.011837376281619072
6506.5,RIGHT_KNEE,-0.2164863795042038,0.3065854012966156,-0.2211550772190094
6539.866666666667,RIGHT_HIP,-0.11662115156650543,1.893547232612036e-05,-0.011799520812928677
6539.866666666667,RIGHT_KNEE,-0.2193455994129181,0.30155321955680847,-0.22287265956401825
6573.233333333334,RIGHT_HIP,-0.11637904495000839,-0.0001969130535144359,-0.01180639024823904
6573.233333333334,RIGHT_KNEE,-0.21753601729869843,0.2912732660770416,-0.23083899915218353
6606.6,RIGHT_HIP,-0.11617932468652725,-0.0003861102741211653,-0.011604220606386662
6606.6,RIGHT_KNEE,-0.21712613105773926,0.2850421667098999,-0.22786401212215424
6639.966666666667,RIGHT_HIP,-0.11581046134233475,-0.0005171580123715103,-0.011695395223796368
6639.966666666667,RIGHT_KNEE,-0.21630701422691345,0.2809981405735016,-0.2333465814590454
6673.333333333334,RIGHT_HIP,-0.11523082107305527,-0.001267871935851872,-0.011774947866797447
6673.333333333334,RIGHT_KNEE,-0.21587735414505005,0.27277323603630066,-0.23651759326457977
6706.700000000001,RIGHT_HIP,-0.114641934633255,-0.001885987352579832,-0.012087738141417503
6706.700000000001,RIGHT_KNEE,-0.21536102890968323,0.2662833631038666,-0.23945072293281555
6740.0666666666675,RIGHT_HIP,-0.1143004447221756,-0.0024364853743463755,-0.012110362760722637
6740.0666666666675,RIGHT_KNEE,-0.21513955295085907,0.2633093297481537,-0.24375978112220764
6773.433333333334,RIGHT_HIP,-0.11423663049936295,-0.0027594473212957382,-0.012057449668645859
6773.433333333334,RIGHT_KNEE,-0.21482732892036438,0.2647283971309662,-0.2454291582107544
6806.8,RIGHT_HIP,-0.11415108293294907,-0.002891828306019306,-0.012059366330504417
6806.8,RIGHT_KNEE,-0.21262019872665405,0.2645552158355713,-0.2479352504014969
6840.166666666667,RIGHT_HIP,-0.11410821974277496,-0.002905423054471612,-0.012063737958669662
6840.166666666667,RIGHT_KNEE,-0.21242007613182068,0.2701700031757355,-0.2440485805273056
6873.533333333334,RIGHT_HIP,-0.11405908316373825,-0.0030143586918711662,-0.011941688135266304
6873.533333333334,RIGHT_KNEE,-0.21198014914989471,0.2720663547515869,-0.24199962615966797
6906.900000000001,RIGHT_HIP,-0.11392106860876083,-0.0029976670630276203,-0.011655069887638092
6906.900000000001,RIGHT_KNEE,-0.21228572726249695,0.2961080074310303,-0.21473802626132965
6940.266666666667,RIGHT_HIP,-0.11390247941017151,-0.0026288863737136126,-0.011421370320022106
6940.266666666667,RIGHT_KNEE,-0.2121877372264862,0.3164920508861542,-0.19886893033981323
6973.633333333334,RIGHT_HIP,-0.11392241716384888,-0.002025521593168378,-0.011337491683661938
6973.633333333334,RIGHT_KNEE,-0.20486178994178772,0.3298666477203369,-0.19142037630081177
7007.000000000001,RIGHT_HIP,-0.11417614668607712,-0.0016211691545322537,-0.01033813413232565
7007.000000000001,RIGHT_KNEE,-0.20420117676258087,0.34663867950439453,-0.1491963267326355
7040.366666666668,RIGHT_HIP,-0.11438319087028503,-0.0012636365136131644,-0.010289162397384644
7040.366666666668,RIGHT_KNEE,-0.20348453521728516,0.35891884565353394,-0.09825079143047333
7073.7333333333345,RIGHT_HIP,-0.11463641375303268,-0.0011921657714992762,-0.010231593623757362
7073.7333333333345,RIGHT_KNEE,-0.20238429307937622,0.36623653769493103,-0.07005539536476135
7107.1,RIGHT_HIP,-0.1148829460144043,-0.0011511559132486582,-0.01003812812268734
7107.1,RIGHT_KNEE,-0.1977188140153885,0.36670008301734924,-0.06464491784572601
7140.466666666667,RIGHT_HIP,-0.1151886135339737,-0.0010363911278545856,-0.009884701110422611
7140.466666666667,RIGHT_KNEE,-0.19484473764896393,0.3716014325618744,-0.044233765453100204
7173.833333333334,RIGHT_HIP,-0.11551152169704437,-0.0009901720331981778,-0.009875044226646423
7173.833333333334,RIGHT_KNEE,-0.1915440410375595,0.37980160117149353,-0.017852971330285072
7207.200000000001,RIGHT_HIP,-0.11632182449102402,-0.0010161404497921467,-0.009372991509735584
7207.200000000001,RIGHT_KNEE,-0.18387435376644135,0.38413673639297485,-0.01753685064613819
7240.566666666667,RIGHT_HIP,-0.11666430532932281,-0.0010808026418089867,-0.008945843204855919
7240.566666666667,RIGHT_KNEE,-0.17193162441253662,0.38517966866493225,-0.00936071015894413
7273.933333333333,RIGHT_HIP,-0.11678745597600937,-0.001105019124224782,-0.009057954885065556
7273.933333333333,RIGHT_KNEE,-0.16366882622241974,0.38562723994255066,-0.00822343211621046
7307.3,RIGHT_HIP,-0.11689988523721695,-0.0011441371170803905,-0.008945081382989883
7307.3,RIGHT_KNEE,-0.15809054672718048,0.38754716515541077,-0.010040649212896824
7340.666666666667,RIGHT_HIP,-0.11689191311597824,-0.0011769888224080205,-0.008931003510951996
7340.666666666667,RIGHT_KNEE,-0.15400415658950806,0.38876986503601074,-0.010444831103086472
7374.033333333334,RIGHT_HIP,-0.11693480610847473,-0.0013785012997686863,-0.007786625064909458
7374.033333333334,RIGHT_KNEE,-0.15336106717586517,0.3882088363170624,-0.007420228328555822
7407.4,RIGHT_HIP,-0.11696849763393402,-0.0015542926266789436,-0.007776367012411356
7407.4,RIGHT_KNEE,-0.15053662657737732,0.3881097733974457,-0.004739280790090561
7440.766666666666,RIGHT_HIP,-0.116986945271492,-0.0017236026469618082,-0.007757887244224548
7440.766666666666,RIGHT_KNEE,-0.14736206829547882,0.38757550716400146,-0.003294806694611907
7474.133333333333,RIGHT_HIP,-0.11699531972408295,-0.0019489666447043419,-0.007729414850473404
7474.133333333333,RIGHT_KNEE,-0.14543059468269348,0.3872378170490265,-0.0038237704429775476
7507.5,RIGHT_HIP,-0.11699753254652023,-0.0020592056680470705,-0.007894217036664486
7507.5,RIGHT_KNEE,-0.14590959250926971,0.3888716399669647,-0.005897416267544031
7540.866666666667,RIGHT_HIP,-0.11699966341257095,-0.002149208914488554,-0.008164694532752037
7540.866666666667,RIGHT_KNEE,-0.14670424163341522,0.3897814154624939,-0.004820330534130335
7574.233333333334,RIGHT_HIP,-0.11701653152704239,-0.0021993115078657866,-0.008310188539326191
7574.233333333334,RIGHT_KNEE,-0.14694678783416748,0.3904743790626526,-0.0029785686638206244
7607.6,RIGHT_HIP,-0.11706279218196869,-0.0022531950380653143,-0.008234115317463875
7607.6,RIGHT_KNEE,-0.14723385870456696,0.3902963697910309,-0.0008768500410951674
7640.966666666667,RIGHT_HIP,-0.11706874519586563,-0.00233744690194726,-0.008046085946261883
7640.966666666667,RIGHT_KNEE,-0.1477089524269104,0.3906448483467102,0.00045208694064058363
7674.333333333334,RIGHT_HIP,-0.11705374717712402,-0.002491212682798505,-0.008098917081952095
7674.333333333334,RIGHT_KNEE,-0.14774136245250702,0.39051955938339233,0.0005648211226798594
7707.7,RIGHT_HIP,-0.11701054126024246,-0.0026458860374987125,-0.008231757208704948
7707.7,RIGHT_KNEE,-0.14747795462608337,0.39043310284614563,7.516307232435793e-05
7741.066666666667,RIGHT_HIP,-0.11701080203056335,-0.0026627767365425825,-0.008169137872755527
7741.066666666667,RIGHT_KNEE,-0.14764806628227234,0.3903587758541107,1.3927859981777146e-05
7774.433333333333,RIGHT_HIP,-0.11701372265815735,-0.0026822765357792377,-0.008170339278876781
7774.433333333333,RIGHT_KNEE,-0.14761005342006683,0.3905605971813202,-0.0003483921173028648
7807.8,RIGHT_HIP,-0.1170969307422638,-0.002689081709831953,-0.008056994527578354
7807.8,RIGHT_KNEE,-0.14755591750144958,0.3906695544719696,-2.2721298591932282e-05
7841.166666666667,RIGHT_HIP,-0.11714807152748108,-0.0026571028865873814,-0.007982137612998486
7841.166666666667,RIGHT_KNEE,-0.148310124874115,0.39067965745925903,-0.0001162356638815254
7874.533333333334,RIGHT_HIP,-0.11727304756641388,-0.0024911691434681416,-0.007807460147887468
7874.533333333334,RIGHT_KNEE,-0.1511334776878357,0.3906579315662384,0.0007725696777924895
7907.900000000001,RIGHT_HIP,-0.11742622405290604,-0.0022664531134068966,-0.007636052090674639
7907.900000000001,RIGHT_KNEE,-0.15653640031814575,0.38967034220695496,0.00012402048741932958
7941.266666666667,RIGHT_HIP,-0.11770550161600113,-0.0019225653959438205,-0.007628089282661676
7941.266666666667,RIGHT_KNEE,-0.16009537875652313,0.3884064257144928,-0.0018882425501942635
7974.633333333334,RIGHT_HIP,-0.1178063452243805,-0.0017359734047204256,-0.0073639098554849625
7974.633333333334,RIGHT_KNEE,-0.16258446872234344,0.38823202252388,-0.0015291572781279683
8008.000000000001,RIGHT_HIP,-0.11773090064525604,-0.001121695269830525,-0.007354564964771271
8008.000000000001,RIGHT_KNEE,-0.16248075664043427,0.38699284195899963,0.006644729524850845
8041.366666666667,RIGHT_HIP,-0.11761487275362015,-0.0007147690048441291,-0.007777039892971516
8041.366666666667,RIGHT_KNEE,-0.16467271745204926,0.38286685943603516,-0.013399063609540462
8074.7333333333345,RIGHT_HIP,-0.11756984889507294,-0.00019529330893419683,-0.008732742629945278
8074.7333333333345,RIGHT_KNEE,-0.16813497245311737,0.37948787212371826,-0.04145508632063866
8108.1,RIGHT_HIP,-0.11756530404090881,0.00015865771274548024,-0.00920654833316803
8108.1,RIGHT_KNEE,-0.17287424206733704,0.37437671422958374,-0.0592692494392395
8141.466666666666,RIGHT_HIP,-0.11725588142871857,0.0001991854078369215,-0.009317316114902496
8141.466666666666,RIGHT_KNEE,-0.1901281177997589,0.36539313197135925,-0.08434135466814041
8174.833333333334,RIGHT_HIP,-0.11708617210388184,0.00023767164384480566,-0.009480549953877926
8174.833333333334,RIGHT_KNEE,-0.2058449238538742,0.3584021329879761,-0.10714107751846313
8208.199999999999,RIGHT_HIP,-0.11695604771375656,0.0003114064456894994,-0.009812509641051292
8208.199999999999,RIGHT_KNEE,-0.2155764102935791,0.34988918900489807,-0.13506163656711578
8241.566666666668,RIGHT_HIP,-0.11692731827497482,0.0003045218763872981,-0.01032349094748497
8241.566666666668,RIGHT_KNEE,-0.21685943007469177,0.34278836846351624,-0.16605091094970703
8274.933333333332,RIGHT_HIP,-0.11649062484502792,2.8651869797613472e-05,-0.010733311995863914
8274.933333333332,RIGHT_KNEE,-0.2145567089319229,0.3324739336967468,-0.18523100018501282
8308.300000000001,RIGHT_HIP,-0.11645036190748215,-2.6443263777764514e-05,-0.010818315669894218
8308.300000000001,RIGHT_KNEE,-0.2172006219625473,0.3223777711391449,-0.2094326764345169
8341.666666666666,RIGHT_HIP,-0.11636228859424591,-7.68587997299619e-05,-0.01102321594953537
8341.666666666666,RIGHT_KNEE,-0.2182978391647339,0.32246795296669006,-0.20557327568531036
8375.033333333335,RIGHT_HIP,-0.11634768545627594,-9.66489315032959e-05,-0.01102421898394823
8375.033333333335,RIGHT_KNEE,-0.21718932688236237,0.30840349197387695,-0.21277408301830292
8408.4,RIGHT_HIP,-0.11632521450519562,-0.00014495787036139518,-0.011246072128415108
8408.4,RIGHT_KNEE,-0.21607331931591034,0.30201858282089233,-0.2186034619808197
8441.766666666666,RIGHT_HIP,-0.11634700745344162,-0.0002032714692177251,-0.011139711365103722
8441.766666666666,RIGHT_KNEE,-0.21966058015823364,0.3032901883125305,-0.21465177834033966
8475.133333333333,RIGHT_HIP,-0.11633937060832977,-0.0002891987678594887,-0.011127005331218243
8475.133333333333,RIGHT_KNEE,-0.22040900588035583,0.3014196455478668,-0.21725356578826904
8508.5,RIGHT_HIP,-0.11609943211078644,-0.0009617439354769886,-0.011276589706540108
8508.5,RIGHT_KNEE,-0.21316368877887726,0.2818203568458557,-0.2276165932416916
8541.866666666667,RIGHT_HIP,-0.11609206348657608,-0.001293396344408393,-0.011549160815775394
8541.866666666667,RIGHT_KNEE,-0.2078874558210373,0.2710283696651459,-0.24054114520549774
8575.233333333334,RIGHT_HIP,-0.11607838422060013,-0.0014599055284634233,-0.011576524004340172
8575.233333333334,RIGHT_KNEE,-0.20922429859638214,0.2753211259841919,-0.2389756292104721
8608.6,RIGHT_HIP,-0.116121307015419,-0.0017479370580986142,-0.01161887962371111
8608.6,RIGHT_KNEE,-0.20865055918693542,0.272795706987381,-0.24113090336322784
8641.966666666667,RIGHT_HIP,-0.1162678599357605,-0.0018977493746206164,-0.011548478156328201
8641.966666666667,RIGHT_KNEE,-0.2094716727733612,0.2708790600299835,-0.24314433336257935
8675.333333333334,RIGHT_HIP,-0.11627320945262909,-0.0020047372672706842,-0.011563695035874844
8675.333333333334,RIGHT_KNEE,-0.20852059125900269,0.26901841163635254,-0.24994678795337677
8708.7,RIGHT_HIP,-0.11638621985912323,-0.0022171635646373034,-0.011456792242825031
8708.7,RIGHT_KNEE,-0.2086699903011322,0.270767480134964,-0.2505653500556946
8742.066666666666,RIGHT_HIP,-0.11658822745084763,-0.00223340280354023,-0.011360020376741886
8742.066666666666,RIGHT_KNEE,-0.21008577942848206,0.27456411719322205,-0.24721258878707886
8775.433333333334,RIGHT_HIP,-0.11631164699792862,-0.002245617564767599,-0.01133266743272543
8775.433333333334,RIGHT_KNEE,-0.20832012593746185,0.30234435200691223,-0.22887413203716278
8808.8,RIGHT_HIP,-0.11605164408683777,-0.002083408646285534,-0.01075094286352396
8808.8,RIGHT_KNEE,-0.21028798818588257,0.32228004932403564,-0.20005236566066742
8842.166666666668,RIGHT_HIP,-0.11597239971160889,-0.00202694209292531,-0.009826247580349445
8842.166666666668,RIGHT_KNEE,-0.21014367043972015,0.3348436951637268,-0.18085747957229614
8875.533333333333,RIGHT_HIP,-0.1158636137843132,-0.0017615746473893523,-0.009730121120810509
8875.533333333333,RIGHT_KNEE,-0.2043900042772293,0.35046151280403137,-0.15761570632457733
8908.900000000001,RIGHT_HIP,-0.11587564647197723,-0.0015730892773717642,-0.009646309539675713
8908.900000000001,RIGHT_KNEE,-0.20123852789402008,0.360523521900177,-0.11036977171897888
8942.266666666666,RIGHT_HIP,-0.11592132598161697,-0.0010940972715616226,-0.00962887518107891
8942.266666666666,RIGHT_KNEE,-0.19864876568317413,0.37012505531311035,-0.07514728605747223
8975.633333333335,RIGHT_HIP,-0.11609210819005966,-0.0010670637711882591,-0.00962383858859539
8975.633333333335,RIGHT_KNEE,-0.19131912291049957,0.3752659857273102,-0.041514914482831955
9009.0,RIGHT_HIP,-0.11641251295804977,-0.0009665745310485363,-0.009108113124966621
9009.0,RIGHT_KNEE,-0.1863640695810318,0.378953218460083,-0.021878382191061974
9042.366666666667,RIGHT_HIP,-0.11674905568361282,-0.0009668436832726002,-0.008477087132632732
9042.366666666667,RIGHT_KNEE,-0.18598969280719757,0.37682947516441345,-0.033338841050863266
9075.733333333334,RIGHT_HIP,-0.11708437651395798,-0.0011866994900628924,-0.008468309417366982
9075.733333333334,RIGHT_KNEE,-0.18070413172245026,0.382734477519989,-0.02239123545587063
9109.1,RIGHT_HIP,-0.11720207333564758,-0.0013842700282111764,-0.008436755277216434
9109.1,RIGHT_KNEE,-0.17670507729053497,0.3832302391529083,-0.019573166966438293
9142.466666666667,RIGHT_HIP,-0.1173318400979042,-0.0016822450561448932,-0.008083577267825603
9142.466666666667,RIGHT_KNEE,-0.1694503277540207,0.38353291153907776,-0.014625633135437965
9175.833333333334,RIGHT_HIP,-0.11734787374734879,-0.0018990642856806517,-0.008064809255301952
9175.833333333334,RIGHT_KNEE,-0.1623220294713974,0.3853300213813782,-0.013843833468854427
9209.2,RIGHT_HIP,-0.11736024171113968,-0.002176397480070591,-0.008058239705860615
9209.2,RIGHT_KNEE,-0.15748779475688934,0.38533830642700195,-0.012871922925114632
9242.566666666668,RIGHT_HIP,-0.11738229542970657,-0.0023075693752616644,-0.008077410981059074
9242.566666666668,RIGHT_KNEE,-0.15462999045848846,0.3857348561286926,-0.010162459686398506
9275.933333333334,RIGHT_HIP,-0.1173936203122139,-0.0024074797984212637,-0.008075973019003868
9275.933333333334,RIGHT_KNEE,-0.15047453343868256,0.38491737842559814,-0.006056296173483133
9309.300000000001,RIGHT_HIP,-0.11738370358943939,-0.002497193170711398,-0.008044013753533363
9309.300000000001,RIGHT_KNEE,-0.14705809950828552,0.3857685327529907,-0.004569102078676224
9342.666666666666,RIGHT_HIP,-0.11736760288476944,-0.0026462103705853224,-0.008037113584578037
9342.666666666666,RIGHT_KNEE,-0.14525073766708374,0.38613325357437134,-0.004138609394431114
9376.033333333335,RIGHT_HIP,-0.11733042448759079,-0.0028372493106871843,-0.008235538378357887
9376.033333333335,RIGHT_KNEE,-0.14588092267513275,0.3881028890609741,-0.005113109014928341
9409.4,RIGHT_HIP,-0.1173076182603836,-0.0030596957076340914,-0.008251389488577843
9409.4,RIGHT_KNEE,-0.1470073163509369,0.38922393321990967,-0.003824840532615781
9442.766666666668,RIGHT_HIP,-0.11724963039159775,-0.003296510549262166,-0.008865409530699253
9442.766666666668,RIGHT_KNEE,-0.14763043820858002,0.3897165060043335,-0.004846486728638411
9476.133333333333,RIGHT_HIP,-0.1172497570514679,-0.003415849758312106,-0.00895343441516161
9476.133333333333,RIGHT_KNEE,-0.14804092049598694,0.38966748118400574,-0.003225872525945306
9509.500000000002,RIGHT_HIP,-0.11724680662155151,-0.003491091076284647,-0.009218104183673859
9509.500000000002,RIGHT_KNEE,-0.14827269315719604,0.3895933926105499,-0.004072720184922218
9542.866666666667,RIGHT_HIP,-0.11722106486558914,-0.003531342837959528,-0.009733621962368488
9542.866666666667,RIGHT_KNEE,-0.14840076863765717,0.39049309492111206,-0.004632232245057821
9576.233333333334,RIGHT_HIP,-0.11717312783002853,-0.003555870382115245,-0.010284830816090107
9576.233333333334,RIGHT_KNEE,-0.14881111681461334,0.3906708061695099,-0.003003360005095601
9609.6,RIGHT_HIP,-0.11716952174901962,-0.0035933884792029858,-0.010391750372946262
9609.6,RIGHT_KNEE,-0.1498270183801651,0.3906089663505554,-0.0031025877688080072
9642.966666666667,RIGHT_HIP,-0.11716609448194504,-0.003604054916650057,-0.010381948202848434
9642.966666666667,RIGHT_KNEE,-0.14952793717384338,0.39065462350845337,-0.002310276497155428
9676.333333333334,RIGHT_HIP,-0.11717436462640762,-0.003533189184963703,-0.009729278273880482
9676.333333333334,RIGHT_KNEE,-0.15170302987098694,0.3905991017818451,-0.0009999588364735246
9709.699999999999,RIGHT_HIP,-0.11717818677425385,-0.003420185297727585,-0.009676555171608925
9709.699999999999,RIGHT_KNEE,-0.15180544555187225,0.3909519612789154,-0.0010507366387173533
9743.066666666668,RIGHT_HIP,-0.11718117445707321,-0.00334981270134449,-0.009550304152071476
9743.066666666668,RIGHT_KNEE,-0.15185940265655518,0.3909375071525574,-0.00030452950159087777
9776.433333333332,RIGHT_HIP,-0.1173386499285698,-0.0031127091497182846,-0.008966132067143917
9776.433333333332,RIGHT_KNEE,-0.15221309661865234,0.3909051716327667,-0.00026077378424815834
9809.800000000001,RIGHT_HIP,-0.11748003959655762,-0.0027361547108739614,-0.0083073815330863
9809.800000000001,RIGHT_KNEE,-0.152497798204422,0.3906438648700714,-0.0004995183553546667
9843.166666666666,RIGHT_HIP,-0.1176496148109436,-0.00245784898288548,-0.006780584808439016
9843.166666666666,RIGHT_KNEE,-0.15437442064285278,0.3906042277812958,-0.00026100623654201627
9876.533333333335,RIGHT_HIP,-0.11773242056369781,-0.002306012436747551,-0.00679014204069972
9876.533333333335,RIGHT_KNEE,-0.15440452098846436,0.3898013234138489,-0.0018400088883936405
9909.9,RIGHT_HIP,-0.11778315156698227,-0.001988673582673073,-0.007073720917105675
9909.9,RIGHT_KNEE,-0.1542397141456604,0.38808202743530273,-0.0002123425656463951
9943.266666666668,RIGHT_HIP,-0.11777134239673615,-0.0010046816896647215,-0.007131398655474186
9943.266666666668,RIGHT_KNEE,-0.1567406803369522,0.3864506781101227,0.005741980392485857
9976.633333333333,RIGHT_HIP,-0.11792109906673431,-0.00029146941960789263,-0.007317492738366127
9976.633333333333,RIGHT_KNEE,-0.16510576009750366,0.3811592757701874,-0.009873267263174057
10010.0,RIGHT_HIP,-0.11792806535959244,6.010513243381865e-05,-0.00810351874679327
10010.0,RIGHT_KNEE,-0.17272064089775085,0.37504610419273376,-0.037493519484996796
10043.366666666667,RIGHT_HIP,-0.11797547340393066,0.00021525780903175473,-0.008331564255058765
10043.366666666667,RIGHT_KNEE,-0.177042618393898,0.36913061141967773,-0.06244702264666557
10076.733333333334,RIGHT_HIP,-0.11791945993900299,0.0005007000872865319,-0.009481246583163738
10076.733333333334,RIGHT_KNEE,-0.1928880661725998,0.36563292145729065,-0.0932304859161377
10110.1,RIGHT_HIP,-0.1177203357219696,0.0006370815681293607,-0.010415221564471722
10110.1,RIGHT_KNEE,-0.1974569708108902,0.35749152302742004,-0.1345801055431366
10143.466666666667,RIGHT_HIP,-0.1176857054233551,0.0009632635628804564,-0.010401949286460876
10143.466666666667,RIGHT_KNEE,-0.20628231763839722,0.3495040535926819,-0.13336223363876343
10176.833333333334,RIGHT_HIP,-0.11754819750785828,0.000982276746071875,-0.011042904108762741
10176.833333333334,RIGHT_KNEE,-0.2113979160785675,0.3362569510936737,-0.18174578249454498
10210.2,RIGHT_HIP,-0.11746646463871002,0.0008805964607745409,-0.011057650670409203
10210.2,RIGHT_KNEE,-0.2171669751405716,0.3242489993572235,-0.20813842117786407
10243.566666666668,RIGHT_HIP,-0.11726932227611542,0.000866049958858639,-0.010768607258796692
10243.566666666668,RIGHT_KNEE,-0.21847280859947205,0.31907573342323303,-0.20680643618106842
10276.933333333334,RIGHT_HIP,-0.11712992191314697,0.0007921880460344255,-0.010282767936587334
10276.933333333334,RIGHT_KNEE,-0.223372220993042,0.30993562936782837,-0.2188057154417038
10310.3,RIGHT_HIP,-0.11702797561883926,0.000642199709545821,-0.01015238557010889
10310.3,RIGHT_KNEE,-0.22036755084991455,0.292449027299881,-0.23113229870796204
10343.666666666668,RIGHT_HIP,-0.11692534387111664,0.0005382558447308838,-0.010116269811987877
10343.666666666668,RIGHT_KNEE,-0.22149384021759033,0.2871570587158203,-0.23840774595737457
10377.033333333333,RIGHT_HIP,-0.11658420413732529,0.0003049546794500202,-0.010051018558442593
10377.033333333333,RIGHT_KNEE,-0.2213348001241684,0.2883712351322174,-0.23416326940059662
10410.400000000001,RIGHT_HIP,-0.11614275723695755,-0.00016973527090158314,-0.010045998729765415
10410.400000000001,RIGHT_KNEE,-0.21364374458789825,0.2675277888774872,-0.24549414217472076
10443.766666666666,RIGHT_HIP,-0.11551890522241592,-0.0006949801463633776,-0.010110306553542614
10443.766666666666,RIGHT_KNEE,-0.2134578675031662,0.2637580335140228,-0.24702271819114685
10477.133333333335,RIGHT_HIP,-0.11495544761419296,-0.0011410920415073633,-0.010286817327141762
10477.133333333335,RIGHT_KNEE,-0.21326367557048798,0.2643788158893585,-0.24812231957912445
10510.5,RIGHT_HIP,-0.11444564908742905,-0.001657505752518773,-0.010451775044202805
10510.5,RIGHT_KNEE,-0.21128438413143158,0.2579961121082306,-0.25082120299339294
10543.866666666669,RIGHT_HIP,-0.1137881875038147,-0.0022982293739914894,-0.011079272255301476
10543.866666666669,RIGHT_KNEE,-0.20891264081001282,0.25362253189086914,-0.24984413385391235
10577.233333333334,RIGHT_HIP,-0.11352933943271637,-0.0025957401376217604,-0.01111900806427002
10577.233333333334,RIGHT_KNEE,-0.20760895311832428,0.25021448731422424,-0.25240403413772583
10610.6,RIGHT_HIP,-0.11338570713996887,-0.0027199769392609596,-0.01112996693700552
10610.6,RIGHT_KNEE,-0.20739303529262543,0.2540973722934723,-0.24831394851207733
10643.966666666667,RIGHT_HIP,-0.11336450278759003,-0.0027337116189301014,-0.011262467131018639
10643.966666666667,RIGHT_KNEE,-0.20740148425102234,0.261970192193985,-0.24619421362876892
10677.333333333334,RIGHT_HIP,-0.11332682520151138,-0.0026135060470551252,-0.011238714680075645
10677.333333333334,RIGHT_KNEE,-0.20663434267044067,0.2720757722854614,-0.24282561242580414
10710.7,RIGHT_HIP,-0.11330254375934601,-0.0024510081857442856,-0.010861966758966446
10710.7,RIGHT_KNEE,-0.20803117752075195,0.29844504594802856,-0.21821601688861847
10744.066666666668,RIGHT_HIP,-0.11328209191560745,-0.0021879225969314575,-0.010850927792489529
10744.066666666668,RIGHT_KNEE,-0.20640072226524353,0.32589247822761536,-0.1867881566286087
10777.433333333334,RIGHT_HIP,-0.1133505254983902,-0.0018896936671808362,-0.010303974151611328
10777.433333333334,RIGHT_KNEE,-0.20503883063793182,0.3398020267486572,-0.16868066787719727
10810.800000000001,RIGHT_HIP,-0.11355791985988617,-0.0016156574711203575,-0.009475959464907646
10810.800000000001,RIGHT_KNEE,-0.20287302136421204,0.3480873107910156,-0.148789182305336
10844.166666666668,RIGHT_HIP,-0.11397162824869156,-0.0008822953095659614,-0.008958207443356514
10844.166666666668,RIGHT_KNEE,-0.2021908462047577,0.36438196897506714,-0.0997135266661644
10877.533333333335,RIGHT_HIP,-0.11427059769630432,-0.00028065271908417344,-0.009114673361182213
10877.533333333335,RIGHT_KNEE,-0.19514048099517822,0.3739378750324249,-0.06370174139738083
10910.9,RIGHT_HIP,-0.11461635679006577,3.078886948060244e-05,-0.009142955765128136
10910.9,RIGHT_KNEE,-0.18315742909908295,0.3827418386936188,-0.03448052704334259
10944.266666666668,RIGHT_HIP,-0.11482832580804825,8.000656816875562e-05,-0.009175745770335197
10944.266666666668,RIGHT_KNEE,-0.17225567996501923,0.3863285481929779,-0.010654197074472904
10977.633333333333,RIGHT_HIP,-0.1152111291885376,0.00014687438670080155,-0.008925378322601318
10977.633333333333,RIGHT_KNEE,-0.16627012193202972,0.38993048667907715,-0.00610186206176877
11011.000000000002,RIGHT_HIP,-0.11597541719675064,0.00019866894581355155,-0.00833884533494711
11011.000000000002,RIGHT_KNEE,-0.1680087298154831,0.39062997698783875,-0.007143596652895212
11044.366666666667,RIGHT_HIP,-0.11619947105646133,3.37916862918064e-05,-0.008258329704403877
11044.366666666667,RIGHT_KNEE,-0.167975515127182,0.39008158445358276,-0.014036727137863636
11077.733333333335,RIGHT_HIP,-0.11641183495521545,-0.00015895644901320338,-0.008227802813053131
11077.733333333335,RIGHT_KNEE,-0.1672571748495102,0.38831743597984314,-0.01146848127245903
11111.1,RIGHT_HIP,-0.1166129857301712,-0.0002637478755787015,-0.007985505275428295
11111.1,RIGHT_KNEE,-0.16294720768928528,0.3880442976951599,-0.006627518683671951
11144.466666666669,RIGHT_HIP,-0.11677800863981247,-0.0005565707106143236,-0.007896450348198414
11144.466666666669,RIGHT_KNEE,-0.15646225214004517,0.38685789704322815,-0.006747944746166468
11177.833333333334,RIGHT_HIP,-0.11691951751708984,-0.0007289318600669503,-0.007820875383913517
11177.833333333334,RIGHT_KNEE,-0.15249326825141907,0.38645800948143005,-0.007978248409926891
11211.2,RIGHT_HIP,-0.11693646013736725,-0.0008224906050600111,-0.007830232381820679
11211.2,RIGHT_KNEE,-0.1506395936012268,0.38716423511505127,-0.010523448698222637
11244.566666666668,RIGHT_HIP,-0.11695190519094467,-0.0010907375253736973,-0.00772081920877099
11244.566666666668,RIGHT_KNEE,-0.14740639925003052,0.3865765929222107,-0.00846912618726492
11277.933333333332,RIGHT_HIP,-0.11700542271137238,-0.001327711739577353,-0.0077028474770486355
11277.933333333332,RIGHT_KNEE,-0.147172212600708,0.38652002811431885,-0.006491446401923895
11311.300000000001,RIGHT_HIP,-0.11702118068933487,-0.0016186240827664733,-0.0076622613705694675
11311.300000000001,RIGHT_KNEE,-0.14680711925029755,0.38676029443740845,-0.007261198945343494
11344.666666666666,RIGHT_HIP,-0.11702971905469894,-0.0017117750830948353,-0.007657715585082769
11344.666666666666,RIGHT_KNEE,-0.14748352766036987,0.3872973620891571,-0.0035028248094022274
11378.033333333335,RIGHT_HIP,-0.11703518033027649,-0.0018970348173752427,-0.007682223804295063
11378.033333333335,RIGHT_KNEE,-0.14800751209259033,0.3871920108795166,-0.0018266405677422881
11411.4,RIGHT_HIP,-0.11704032123088837,-0.002013451885432005,-0.007830681279301643
11411.4,RIGHT_KNEE,-0.1479455530643463,0.38723379373550415,-0.0016712555661797523
11444.766666666668,RIGHT_HIP,-0.11700069159269333,-0.0021557454019784927,-0.007954309694468975
11444.766666666668,RIGHT_KNEE,-0.14815138280391693,0.38713520765304565,0.0004988950095139444
11478.133333333333,RIGHT_HIP,-0.11697974801063538,-0.0022637024521827698,-0.008055323734879494
11478.133333333333,RIGHT_KNEE,-0.1484021544456482,0.3871365785598755,0.0010528253624215722
11511.5,RIGHT_HIP,-0.11700168251991272,-0.002339577069506049,-0.007968079298734665
11511.5,RIGHT_KNEE,-0.14869193732738495,0.3871285021305084,0.0007962479721754789
11544.866666666667,RIGHT_HIP,-0.11703339964151382,-0.002371983602643013,-0.007909118197858334
11544.866666666667,RIGHT_KNEE,-0.14881405234336853,0.3870824873447418,0.0009691229788586497
11578.233333333334,RIGHT_HIP,-0.11703915894031525,-0.002429759129881859,-0.007844467647373676
11578.233333333334,RIGHT_KNEE,-0.14937974512577057,0.38704267144203186,0.0007029122789390385
11611.6,RIGHT_HIP,-0.11704684793949127,-0.0023529722820967436,-0.007765654008835554
11611.6,RIGHT_KNEE,-0.14955541491508484,0.38757047057151794,0.0012198794865980744
11644.966666666667,RIGHT_HIP,-0.11706208437681198,-0.002281700959429145,-0.00727347144857049
11644.966666666667,RIGHT_KNEE,-0.15348443388938904,0.38760504126548767,0.002612194512039423
11678.333333333334,RIGHT_HIP,-0.11708002537488937,-0.0022629008162766695,-0.007022922392934561
11678.333333333334,RIGHT_KNEE,-0.15473514795303345,0.3876374065876007,0.004710055887699127
11711.7,RIGHT_HIP,-0.11710251867771149,-0.002209398429840803,-0.007016632240265608
11711.7,RIGHT_KNEE,-0.1564391404390335,0.38781067728996277,0.00489902775734663
11745.066666666668,RIGHT_HIP,-0.11722951382398605,-0.002079740399494767,-0.006993433926254511
11745.066666666668,RIGHT_KNEE,-0.15887783467769623,0.3877708613872528,0.005648823920637369
11778.433333333334,RIGHT_HIP,-0.11738459020853043,-0.0018275302136316895,-0.006902819033712149
11778.433333333334,RIGHT_KNEE,-0.1640232652425766,0.38756096363067627,0.005555304232984781
11811.8,RIGHT_HIP,-0.11749520152807236,-0.0015940240118652582,-0.006839960813522339
11811.8,RIGHT_KNEE,-0.1662103831768036,0.3871996998786926,0.004439898766577244
11845.166666666668,RIGHT_HIP,-0.11757297813892365,-0.0014675650745630264,-0.006529749371111393
11845.166666666668,RIGHT_KNEE,-0.17271849513053894,0.38593176007270813,0.004535048268735409
11878.533333333333,RIGHT_HIP,-0.11757022887468338,-0.0006820372655056417,-0.006608533672988415
11878.533333333333,RIGHT_KNEE,-0.18009182810783386,0.3831310570240021,0.00043346808524802327
11911.900000000001,RIGHT_HIP,-0.11757997423410416,-0.00021809704776387662,-0.0070715718902647495
11911.900000000001,RIGHT_KNEE,-0.18523229658603668,0.3796875774860382,-0.012084432877600193
11945.266666666666,RIGHT_HIP,-0.11759182065725327,0.00018723744142334908,-0.00845919270068407
11945.266666666666,RIGHT_KNEE,-0.18865957856178284,0.37247779965400696,-0.048552460968494415
11978.633333333335,RIGHT_HIP,-0.11756742745637894,0.0003330709005240351,-0.009580819867551327
11978.633333333335,RIGHT_KNEE,-0.1963842213153839,0.3554445207118988,-0.12598349153995514
